{"cameraMode":{"drawMode":0,"name":"Shaded","section":"Shading Mode"},"sceneLighting":false,"audioPlay":false,"sceneViewState":{"m_AlwaysRefresh":false,"showFog":true,"showSkybox":false,"showFlares":true,"showImageEffects":true,"showParticleSystems":true,"showVisualEffectGraphs":true,"m_FxEnabled":true},"in2DMode":false,"pivot":{"x":0.002733558416366577,"y":0.9978837966918945,"z":1.4901161193847657e-8},"rotation":{"x":-0.07088875025510788,"y":0.013195458799600602,"z":-0.0009488131618127227,"w":-0.9974026679992676},"size":0.3759773373603821,"orthographic":false}