{"cameraMode":{"drawMode":0,"name":"Shaded","section":"Shading Mode"},"sceneLighting":false,"audioPlay":false,"sceneViewState":{"m_AlwaysRefresh":false,"showFog":false,"showSkybox":false,"showFlares":false,"showImageEffects":false,"showParticleSystems":false,"showVisualEffectGraphs":true,"m_FxEnabled":true},"in2DMode":false,"pivot":{"x":0.00036728382110595703,"y":0.8256345987319946,"z":0.0008874200284481049},"rotation":{"x":0.16219763457775117,"y":0.11044439673423767,"z":-0.01825864054262638,"w":0.9803904891014099},"size":1.1391358375549317,"orthographic":false}