{"cameraMode":{"drawMode":0,"name":"Shaded","section":"Shading Mode"},"sceneLighting":false,"audioPlay":false,"sceneViewState":{"m_AlwaysRefresh":false,"showFog":true,"showSkybox":false,"showFlares":true,"showImageEffects":true,"showParticleSystems":true,"showVisualEffectGraphs":true,"m_FxEnabled":true},"in2DMode":false,"pivot":{"x":0.5139015913009644,"y":1.3787752389907838,"z":0.057657867670059207},"rotation":{"x":0.044769372791051868,"y":-0.2997964322566986,"z":0.01410316489636898,"w":0.9528570771217346},"size":0.9017559289932251,"orthographic":false}