{"cameraMode":{"drawMode":0,"name":"Shaded","section":"Shading Mode"},"sceneLighting":false,"audioPlay":false,"sceneViewState":{"m_AlwaysRefresh":false,"showFog":true,"showSkybox":false,"showFlares":true,"showImageEffects":true,"showParticleSystems":true,"showVisualEffectGraphs":true,"m_FxEnabled":true},"in2DMode":false,"pivot":{"x":-2.384185791015625e-7,"y":-0.914699137210846,"z":3.5762786865234377e-7},"rotation":{"x":-0.002428443171083927,"y":0.9709202647209168,"z":0.009897184558212757,"w":0.23913076519966126},"size":1.684242844581604,"orthographic":false}