{"cameraMode":{"drawMode":0,"name":"Shaded","section":"Shading Mode"},"sceneLighting":false,"audioPlay":false,"sceneViewState":{"m_AlwaysRefresh":false,"showFog":false,"showSkybox":false,"showFlares":false,"showImageEffects":false,"showParticleSystems":false,"showVisualEffectGraphs":true,"m_FxEnabled":true},"in2DMode":false,"pivot":{"x":-0.22116412222385407,"y":1.2819515466690064,"z":-0.21440434455871583},"rotation":{"x":-0.011130174621939659,"y":0.9823902249336243,"z":-0.06227878853678703,"w":-0.1757345199584961},"size":1.1391358375549317,"orthographic":false}