{"cameraMode":{"drawMode":0,"name":"Shaded","section":"Shading Mode"},"sceneLighting":false,"audioPlay":false,"sceneViewState":{"m_AlwaysRefresh":false,"showFog":true,"showSkybox":false,"showFlares":true,"showImageEffects":true,"showParticleSystems":true,"showVisualEffectGraphs":true,"m_FxEnabled":true},"in2DMode":false,"pivot":{"x":0.7990924119949341,"y":1.2590360641479493,"z":-1.4857141971588135},"rotation":{"x":0.013335639610886574,"y":0.9231976866722107,"z":-0.03214501589536667,"w":0.3827115595340729},"size":2.1000173091888429,"orthographic":false}