{"cameraMode":{"drawMode":0,"name":"Shaded","section":"Shading Mode"},"sceneLighting":false,"audioPlay":false,"sceneViewState":{"m_AlwaysRefresh":false,"showFog":true,"showSkybox":false,"showFlares":true,"showImageEffects":true,"showParticleSystems":true,"showVisualEffectGraphs":true,"m_FxEnabled":true},"in2DMode":false,"pivot":{"x":-0.1039743423461914,"y":-0.0509037971496582,"z":0.013746261596679688},"rotation":{"x":0.03776196390390396,"y":0.8867151141166687,"z":-0.07359172403812409,"w":0.4548766613006592},"size":8.972662925720215,"orthographic":false}