{"cameraMode":{"drawMode":0,"name":"Shaded","section":"Shading Mode"},"sceneLighting":false,"audioPlay":false,"sceneViewState":{"m_AlwaysRefresh":false,"showFog":true,"showSkybox":false,"showFlares":true,"showImageEffects":true,"showParticleSystems":true,"showVisualEffectGraphs":true,"m_FxEnabled":true},"in2DMode":false,"pivot":{"x":0.1070241928100586,"y":1.9816339015960694,"z":-0.4719672203063965},"rotation":{"x":0.042003385722637179,"y":0.9116367101669312,"z":-0.0963558629155159,"w":0.3972942531108856},"size":7.987021446228027,"orthographic":false}