{"cameraMode":{"drawMode":0,"name":"Shaded","section":"Shading Mode"},"sceneLighting":false,"audioPlay":false,"sceneViewState":{"m_AlwaysRefresh":false,"showFog":true,"showSkybox":false,"showFlares":true,"showImageEffects":true,"showParticleSystems":true,"showVisualEffectGraphs":true,"m_FxEnabled":true},"in2DMode":false,"pivot":{"x":0.09692597389221192,"y":-0.031900763511657718,"z":0.07085424661636353},"rotation":{"x":-0.01844171993434429,"y":0.03540516644716263,"z":-0.0006854991661384702,"w":-0.9992520213127136},"size":1.0919671058654786,"orthographic":false}