{"cameraMode":{"drawMode":0,"name":"Shaded","section":"Shading Mode"},"sceneLighting":false,"audioPlay":false,"sceneViewState":{"m_AlwaysRefresh":false,"showFog":true,"showSkybox":false,"showFlares":true,"showImageEffects":true,"showParticleSystems":true,"showVisualEffectGraphs":true,"m_FxEnabled":true},"in2DMode":false,"pivot":{"x":-1.0493643283843995,"y":2.019517421722412,"z":0.9088060855865479},"rotation":{"x":0.042003385722637179,"y":0.9116367101669312,"z":-0.0963558629155159,"w":0.3972942531108856},"size":1.4193265438079835,"orthographic":false}