{"cameraMode":{"drawMode":0,"name":"Shaded","section":"Shading Mode"},"sceneLighting":false,"audioPlay":false,"sceneViewState":{"m_AlwaysRefresh":false,"showFog":true,"showSkybox":false,"showFlares":true,"showImageEffects":true,"showParticleSystems":true,"showVisualEffectGraphs":true,"m_FxEnabled":true},"in2DMode":false,"pivot":{"x":-0.5993633270263672,"y":-0.24689197540283204,"z":-0.5521163940429688},"rotation":{"x":0.08895853906869888,"y":0.8941301107406616,"z":-0.2049296647310257,"w":0.38806742429733279},"size":8.709931373596192,"orthographic":false}