{"cameraMode":{"drawMode":0,"name":"Shaded","section":"Shading Mode"},"sceneLighting":false,"audioPlay":false,"sceneViewState":{"m_AlwaysRefresh":false,"showFog":true,"showSkybox":false,"showFlares":true,"showImageEffects":true,"showParticleSystems":true,"showVisualEffectGraphs":true,"m_FxEnabled":true},"in2DMode":false,"pivot":{"x":-0.0022968947887420656,"y":0.05607189983129501,"z":0.001166313886642456},"rotation":{"x":0.08895853906869888,"y":0.8941301107406616,"z":-0.2049296647310257,"w":0.38806742429733279},"size":0.12089397013187409,"orthographic":false}