{"cameraMode":{"drawMode":0,"name":"Shaded","section":"Shading Mode"},"sceneLighting":false,"audioPlay":false,"sceneViewState":{"m_AlwaysRefresh":false,"showFog":true,"showSkybox":false,"showFlares":true,"showImageEffects":true,"showParticleSystems":true,"showVisualEffectGraphs":true,"m_FxEnabled":true},"in2DMode":false,"pivot":{"x":-0.3553199768066406,"y":0.1982736587524414,"z":0.2739830017089844},"rotation":{"x":0.042003385722637179,"y":0.9116367101669312,"z":-0.0963558629155159,"w":0.3972942531108856},"size":14.454997062683106,"orthographic":false}