{"cameraMode":{"drawMode":0,"name":"Shaded","section":"Shading Mode"},"sceneLighting":false,"audioPlay":false,"sceneViewState":{"m_AlwaysRefresh":false,"showFog":true,"showSkybox":false,"showFlares":true,"showImageEffects":true,"showParticleSystems":true,"showVisualEffectGraphs":true,"m_FxEnabled":true},"in2DMode":false,"pivot":{"x":0.00015541911125183105,"y":0.0005748867988586426,"z":-0.00006510317325592041},"rotation":{"x":0.042003385722637179,"y":0.9116367101669312,"z":-0.0963558629155159,"w":0.3972942531108856},"size":0.2577568590641022,"orthographic":false}