{"cameraMode":{"drawMode":0,"name":"Shaded","section":"Shading Mode"},"sceneLighting":false,"audioPlay":false,"sceneViewState":{"m_AlwaysRefresh":false,"showFog":true,"showSkybox":false,"showFlares":true,"showImageEffects":true,"showParticleSystems":true,"showVisualEffectGraphs":true,"m_FxEnabled":true},"in2DMode":false,"pivot":{"x":-0.045018672943115237,"y":-1.0997374057769776,"z":1.6253156661987305},"rotation":{"x":-0.06638126075267792,"y":0.027850814163684846,"z":-0.0018892803927883506,"w":-0.9974426031112671},"size":1.1336140632629395,"orthographic":false}