{"cameraMode":{"drawMode":0,"name":"Shaded","section":"Shading Mode"},"sceneLighting":false,"audioPlay":false,"sceneViewState":{"m_AlwaysRefresh":false,"showFog":true,"showSkybox":false,"showFlares":true,"showImageEffects":true,"showParticleSystems":true,"showVisualEffectGraphs":true,"m_FxEnabled":true},"in2DMode":false,"pivot":{"x":0.35255852341651919,"y":1.9699145555496216,"z":-0.25992390513420107},"rotation":{"x":0.042003385722637179,"y":0.9116367101669312,"z":-0.0963558629155159,"w":0.3972942531108856},"size":0.9265003800392151,"orthographic":false}